year,mean_age_of_students
2011,12.82724218593525
2012,12.774996163672887
2013,13.141380280008244
2014,13.614631834743285
2015,14.11155907900275
