year,mean_income
2011,31780.52440055745
2012,32371.15873448399
2013,33229.141033276035
2014,34743.314347999614
