year,mean_income
2018,33125.385034173145
2018,33674.442397507555
2019,34290.95937270153
2019,35342.12298598655
2020,36870.74873614588
