year,mean_income
2011,29846.013066035626
2012,29707.474761974798
2013,30017.55417759627
2014,30936.269097482327
2015,31200.831273684453
2016,32880.845117087454
2017,33698.168417066234
2018,33699.68407616273
2019,34110.8725945821
